{"min_vals": [-746963807.3767881, -746393942.9255989, -350003094.706777, -81366798.17298871, 6.0, 3.3212323365], "max_vals": [768353088.438106, 767676467.744931, 272077170.598837, 94209766.31145906, 10561.0, 1781509.0677145831]}