{"min_vals": [6.0, 3.3212323365], "max_vals": [10561.0, 1781509.0677145831]}